Country;1980;1981;1982;1983;1984;1985;1986;1987;1988;1989;1990;1991;1992;1993;1994;1995;1996;1997;1998;1999;2000;2001;2002;2003;2004;2005;2006;2007;2008;2009;2010;2011;2012;2013;2014;2015;2016;2017;2018;2019;2020;2021;2022;2023;2024
Afghanistan;4.00;3.00;5.00;;16.00;15.00;11.00;25.00;35.00;33.00;25.00;23.00;;18.00;12.00;;31.00;28.00;27.00;27.00;48.00;59.00;62.00;66.00;74.00;80.00;81.00;84.00;85.00;84.00;86.00;94.00;101.00;98.00;100.00;109.00;92.00;94.00;100.00;94.43;97.22;93.43;96.01;96.36;
Albania;;94.00;;95.00;95.00;96.00;96.00;96.00;96.00;94.00;94.00;78.00;94.00;96.00;100.00;97.00;98.00;99.00;96.00;97.00;98.00;97.00;98.00;97.20;98.10;99.00;98.00;98.00;99.00;99.00;99.10;99.00;98.80;99.30;98.90;99.10;98.70;99.50;98.90;98.80;98.66;;;98.10;
Algeria;;33.00;;;;;;66.00;;81.00;58.00;82.00;78.00;73.00;75.00;83.00;77.00;79.00;80.00;83.00;;89.00;93.00;93.00;93.00;94.00;98.00;98.00;97.00;;100.00;100.00;100.00;100.00;100.00;100.00;100.00;100.00;98.00;;;;;;
American Samoa;42.00;52.00;;62.00;60.00;60.00;;53.00;45.00;58.00;44.00;47.00;81.00;77.00;91.00;97.00;74.00;85.00;91.00;91.00;100.00;;;;;;;;99.00;;;100.00;;;;;;;;;;;;;
Andorra;;;;;;;;;;;;;;;;;90.00;90.00;89.00;90.00;98.00;96.00;97.00;99.00;99.10;98.00;93.00;96.00;100.00;99.19;99.29;99.86;98.68;96.32;97.06;96.92;97.85;99.71;100.00;100.00;99.07;98.51;97.58;98.00;
Angola;;;;6.00;;8.00;10.00;10.00;12.00;18.00;24.00;26.00;21.00;30.00;27.00;42.00;28.00;41.00;45.00;22.00;44.00;57.00;65.00;68.00;75.00;62.00;66.00;111.00;100.00;93.00;108.00;101.49;107.00;97.00;99.00;95.00;97.00;91.00;97.10;90.00;84.27;80.32;76.21;91.59;
Anguilla;;78.00;89.00;97.00;85.00;100.00;88.00;92.00;99.00;99.00;99.00;99.00;99.00;99.00;94.00;97.00;99.00;99.00;100.00;96.00;120.11;;;99.00;;;;;;;;;;;;;;93.00;91.00;79.00;86.00;87.83;88.80;108.55;
Antigua and Barbuda;54.00;79.00;79.00;100.00;94.00;100.00;96.00;97.00;98.00;99.00;99.00;94.00;99.00;99.00;99.00;100.00;99.00;99.00;100.00;99.00;95.00;97.00;98.00;100.00;97.00;99.00;100.00;105.00;106.00;100.00;98.40;98.50;97.90;98.70;103.00;103.43;91.92;96.00;100.00;101.00;96.00;92.83;99.00;99.00;
Argentina;62.00;70.00;77.00;70.00;78.00;90.00;67.00;75.00;80.00;92.00;87.00;80.00;99.00;99.00;99.00;99.00;99.00;99.00;99.00;99.00;83.00;83.00;92.50;96.00;98.00;98.10;93.00;94.00;97.20;94.20;94.80;94.40;93.90;94.10;98.00;94.12;91.85;94.00;91.00;87.00;79.10;87.59;89.96;77.00;
Armenia;;;;;;;;;;;;;85.00;85.00;86.00;98.00;86.00;88.00;82.00;91.00;93.30;93.70;93.90;93.80;90.80;90.00;87.00;88.00;96.00;97.00;98.00;98.00;97.96;97.44;96.87;97.26;97.14;96.90;96.19;96.00;96.07;96.01;95.97;96.49;
Aruba;;;;;;;;;;;;;;;;;;;;;;;;;;;;;;;;;;;;;;99.00;99.00;99.00;;97.51;97.18;97.99;
Australia;33.00;;;55.00;;;;;;93.00;95.00;;;;;86.00;86.00;77.00;82.00;88.30;90.00;92.00;92.00;93.00;92.00;92.00;92.00;92.00;92.00;92.29;92.00;91.97;92.19;91.44;91.58;93.00;94.30;94.75;94.61;94.92;95.37;95.00;94.19;93.65;
Austria;;90.00;90.00;90.00;90.00;90.00;90.00;90.00;90.00;90.00;90.00;90.00;90.00;90.00;90.00;90.00;90.00;90.00;;74.00;81.00;84.00;83.00;84.00;97.10;91.00;83.00;85.00;83.00;83.29;;;;;98.00;;95.00;93.70;90.30;88.00;95.00;95.83;90.84;95.00;
Azerbaijan;;;;;;;;;;;;89.00;83.00;91.00;94.00;99.00;99.00;95.00;98.00;99.00;99.00;98.00;97.30;98.10;97.60;95.00;97.00;97.00;97.00;95.90;96.60;95.70;94.90;94.80;96.20;97.20;97.60;96.90;96.30;96.10;84.54;91.96;89.90;91.59;
Bahamas;36.00;55.00;69.00;65.00;69.00;86.00;95.00;77.00;85.00;86.00;87.00;92.00;92.00;91.00;91.00;87.00;85.00;86.00;89.00;82.00;105.25;105.49;94.00;92.00;100.00;99.00;95.00;104.00;100.00;99.60;101.10;104.10;99.00;100.20;96.00;100.00;94.99;98.00;94.00;91.00;96.74;90.63;97.69;98.56;
Bahrain;92.00;59.00;65.00;;83.00;64.00;80.00;88.00;96.00;96.00;94.00;99.00;94.00;94.00;100.00;98.00;96.00;98.00;98.00;97.00;97.60;99.00;100.40;99.00;97.70;99.00;100.00;97.00;100.00;98.00;99.70;99.80;99.76;98.90;99.00;98.10;100.00;98.44;100.00;99.78;99.62;100.00;97.37;99.37;
Bangladesh;;1.00;1.00;1.00;1.00;2.00;4.00;9.00;16.00;49.00;69.00;87.00;98.00;90.00;94.00;91.00;97.00;98.00;78.00;66.20;88.00;87.00;86.00;91.00;97.00;95.00;97.00;98.00;98.00;98.80;99.00;99.00;99.00;92.30;93.20;93.00;94.10;97.90;97.90;99.70;99.70;99.70;;99.70;
Barbados;60.00;58.00;62.00;69.00;83.00;83.00;79.00;79.00;76.00;78.00;95.00;82.00;90.00;86.00;90.00;93.00;85.00;96.00;93.00;87.00;93.60;91.80;87.00;91.35;93.00;92.00;84.00;93.00;85.00;92.50;86.08;90.60;87.00;;98.00;97.02;100.43;90.00;96.00;92.00;85.70;82.81;86.98;90.88;96.74
Belarus;;;;;;;;;;;;;90.00;91.00;92.00;96.00;98.00;98.00;99.00;99.00;99.10;;;85.50;99.00;99.00;99.00;99.00;98.00;97.80;98.40;98.90;98.50;98.90;97.04;99.00;99.00;97.00;97.50;97.70;97.14;97.61;97.93;97.58;
Belgium;;95.00;95.00;95.00;95.00;;95.00;95.00;80.00;94.00;93.00;92.00;95.00;97.00;96.00;94.00;95.00;;79.00;97.00;97.00;97.00;97.00;97.00;96.60;98.00;99.00;99.00;99.40;100.00;100.00;100.00;99.60;99.60;99.61;99.55;99.00;99.10;99.10;98.50;98.50;98.40;98.40;98.40;
Belize;47.00;71.00;61.00;59.00;53.00;58.00;82.00;85.00;61.00;79.00;93.00;94.00;97.00;91.00;90.00;92.00;90.00;86.00;87.00;96.00;91.00;96.00;102.05;98.97;98.00;96.00;98.00;98.00;98.00;99.00;99.50;98.00;98.00;96.00;96.00;96.86;95.35;89.00;97.00;99.00;79.03;83.39;90.60;85.01;
Benin;;;;;;17.00;17.00;25.00;30.00;48.00;78.00;68.00;79.00;77.00;86.00;89.00;80.00;78.00;81.00;89.60;100.00;;110.00;104.00;99.00;106.00;100.00;107.00;105.00;106.00;104.00;100.00;94.00;98.00;94.00;98.00;76.00;86.00;86.00;85.00;76.00;91.00;91.00;91.00;
Bermuda;;66.00;53.00;48.00;40.00;52.00;72.00;89.00;83.00;74.00;62.00;82.00;76.00;65.00;89.00;86.00;98.00;91.00;;58.00;30.00;64.49;;92.12;98.00;;;97.00;;;;;;;;;;92.00;95.00;100.00;92.78;107.59;89.73;98.61;
Bhutan;6.00;13.00;10.00;16.00;53.00;52.00;53.00;63.00;75.00;76.00;84.00;95.00;72.00;75.00;86.00;87.00;87.00;87.00;86.00;88.00;99.00;88.00;86.00;;93.00;97.00;98.00;95.00;97.00;96.00;95.00;95.00;97.00;97.00;99.60;100.00;99.00;99.00;98.00;97.00;95.76;99.06;98.22;98.57;
Bolivia (Plurinational State of);30.00;30.00;31.00;27.00;23.00;33.00;29.00;24.00;39.00;39.00;48.00;67.00;81.00;84.00;92.00;88.00;98.00;88.00;85.00;95.00;98.00;97.40;100.00;100.00;88.00;93.00;87.00;85.00;87.10;87.00;87.00;89.50;85.00;86.20;94.00;97.43;93.45;91.00;89.00;81.00;79.23;74.70;74.83;71.72;
Bosnia and Herzegovina;;;;;;;;;;;;;58.00;38.00;82.00;55.10;;79.00;89.00;90.40;90.20;94.40;86.40;;93.00;95.00;94.00;96.00;95.00;;89.40;;95.00;;92.30;;;;89.40;89.00;;85.18;97.61;85.20;
Botswana;;;;;;68.00;65.00;48.00;50.00;55.00;56.00;53.00;59.00;57.00;;80.00;83.00;76.00;82.00;85.00;94.00;82.00;99.00;101.00;98.00;141.00;150.00;104.00;109.00;107.00;104.00;123.00;125.00;103.00;99.00;87.00;99.00;79.00;96.00;96.00;;;;;
Brazil;56.00;47.00;56.00;60.00;75.00;66.00;58.00;58.00;58.00;56.00;79.00;87.00;90.00;95.00;74.00;85.00;77.00;99.00;100.00;100.00;100.00;100.00;100.00;107.00;104.00;104.00;104.00;104.00;100.00;102.00;100.00;103.00;101.00;104.00;101.00;96.89;94.82;92.00;87.00;79.00;88.49;73.56;83.98;90.20;
British Virgin Islands;;95.00;83.00;90.00;85.00;81.00;99.00;96.00;84.00;98.00;99.00;98.00;99.00;98.00;99.00;99.00;99.00;99.00;99.00;90.00;110.83;122.81;;99.00;;;;;;;;;;;;;;82.00;94.00;94.00;86.97;84.23;101.06;91.64;
Brunei Darussalam;89.00;;99.00;85.00;96.00;88.00;86.00;85.00;89.00;;100.00;;96.00;100.00;;;;99.00;97.00;91.60;98.80;101.00;;;101.00;108.00;106.00;;96.60;96.00;;96.00;103.00;99.80;;100.00;100.00;100.00;100.00;100.00;100.00;99.97;99.96;99.98;
Bulgaria;98.00;99.00;99.00;99.00;99.00;99.00;100.00;100.00;100.00;99.00;100.00;99.00;98.00;98.00;93.00;96.00;95.00;94.00;95.00;96.00;94.90;95.17;93.00;95.80;95.40;97.00;97.00;96.00;97.00;95.80;95.50;96.00;96.00;96.40;90.10;93.40;94.30;96.20;94.50;95.60;94.26;92.37;93.93;95.02;
Burkina Faso;;2.00;;;;;34.00;34.00;23.00;;;;39.00;47.00;41.00;47.00;48.00;70.00;40.00;34.00;84.30;86.00;89.00;104.00;101.00;105.00;102.00;109.00;111.00;;93.30;93.30;94.40;94.00;95.00;95.00;95.00;95.00;95.00;95.00;95.00;95.00;101.00;99.39;
Burundi;;36.00;33.00;44.00;26.00;36.00;53.00;68.00;68.00;82.00;86.00;83.00;80.00;63.00;48.00;63.00;55.00;60.00;50.00;63.00;74.00;70.00;109.50;96.00;95.00;96.00;99.00;99.00;102.00;104.00;99.00;112.00;97.60;98.00;98.00;97.00;97.00;94.00;94.00;97.00;98.00;96.00;93.00;88.70;
Cabo Verde;;;;23.00;;39.00;54.00;92.00;88.00;100.00;88.00;100.00;100.00;100.00;;73.00;73.00;78.00;80.00;69.20;93.00;78.90;;89.00;78.00;75.00;74.00;83.00;82.00;74.00;99.87;99.00;98.07;93.10;98.59;93.33;96.15;97.00;97.50;96.00;;104.00;100.77;;
Cambodia;;;;;;;;55.00;45.00;47.00;38.00;39.00;32.00;35.00;53.00;79.00;75.00;70.00;64.00;64.00;78.00;65.00;60.00;74.00;92.00;85.00;85.00;87.00;95.00;;;96.00;96.54;95.36;101.00;107.00;103.75;;;;108.35;;;;
Cameroon;;5.00;;25.00;27.00;50.00;;;20.00;18.00;36.00;34.00;37.00;34.00;38.00;46.00;44.00;43.00;48.00;48.00;54.00;54.00;71.00;79.00;80.00;85.00;87.00;90.00;93.00;87.57;91.64;89.80;93.58;81.00;81.00;81.00;84.00;80.00;74.00;72.00;74.00;76.00;76.00;81.00;
Canada;;;;;;;;85.00;;;;;;90.00;93.00;94.00;90.00;86.00;90.00;;;;88.00;91.00;91.00;;95.00;94.00;92.00;91.00;89.00;96.00;99.00;95.30;91.00;95.30;91.00;94.30;91.00;91.00;92.00;92.00;92.00;92.00;
Cayman Islands;;67.00;90.00;100.00;90.00;91.00;95.00;90.00;93.00;93.00;95.00;83.00;97.00;98.00;95.00;98.00;96.00;95.00;93.00;94.00;93.02;92.16;;92.42;;;;;;;;;;;;;;97.00;97.00;;96.16;100.00;98.90;98.65;
Central African Republic;13.00;11.00;14.00;16.00;17.00;20.00;19.00;18.00;30.00;43.00;61.00;66.00;31.00;;40.00;45.00;53.00;53.00;45.00;;45.50;36.00;29.00;52.00;73.00;64.00;105.00;102.00;87.00;110.00;70.80;84.00;78.00;44.00;72.00;69.00;79.00;70.00;95.00;77.00;99.78;97.88;83.00;109.56;
Chad;;;;1.00;;;10.00;14.00;12.00;47.00;20.00;18.00;10.00;13.00;18.00;18.00;20.00;24.00;23.00;32.50;45.00;;68.00;74.00;68.00;82.00;98.00;93.00;74.00;95.00;100.00;70.00;93.00;98.00;99.00;107.00;90.00;80.00;86.00;89.63;93.93;97.90;98.84;111.93;
Chile;96.00;100.00;100.00;92.00;100.00;99.00;96.00;93.00;98.00;95.00;95.00;99.00;99.00;97.00;99.00;97.00;99.00;92.00;92.00;95.00;97.90;97.00;97.00;96.00;94.00;92.00;95.00;98.00;96.00;94.00;92.60;93.70;90.31;92.10;99.00;96.93;98.90;98.00;99.00;99.00;98.12;98.69;98.69;99.35;
China;;;;58.00;63.00;78.00;78.00;62.00;75.00;95.00;97.00;95.00;94.00;95.00;93.00;92.00;95.00;96.00;98.00;85.00;85.00;78.77;;;;87.00;94.00;94.00;99.00;;;;;;;;;;;;99.41;99.39;99.19;98.30;
China. Hong Kong SAR;73.00;80.00;83.00;83.00;85.00;87.00;84.00;83.00;82.00;89.00;84.00;84.00;83.00;85.00;83.00;83.00;87.00;88.00;89.00;90.24;89.59;89.30;;87.81;;;;;;;;95.00;95.00;95.00;95.00;95.00;95.00;95.00;95.00;95.00;95.00;95.00;95.00;95.00;
China. Macao SAR;;;17.00;;83.00;21.00;46.00;59.00;72.00;80.00;83.00;78.00;80.00;82.00;83.00;86.00;;88.00;92.00;91.50;96.72;96.84;;96.00;94.60;95.10;;92.60;93.40;94.60;;;95.20;95.20;94.90;95.30;95.80;96.40;96.40;99.00;98.28;98.46;98.49;98.36;
Colombia;45.00;57.00;66.00;79.00;69.00;60.00;48.00;58.00;74.00;78.00;95.00;95.00;88.00;94.00;96.00;99.00;99.00;84.00;73.00;82.00;81.00;80.00;81.00;92.00;90.00;93.00;93.00;97.00;97.00;97.00;96.00;95.00;92.00;90.80;91.34;92.85;92.62;94.00;92.49;95.00;92.00;90.50;90.70;90.43;
Comoros;;;;;31.00;;24.00;71.00;43.00;82.00;94.00;52.00;38.00;70.00;58.00;75.00;60.00;48.00;75.00;;85.00;70.00;98.00;82.00;85.00;77.00;78.00;79.00;85.00;;;83.00;91.00;85.00;83.00;81.00;96.10;96.00;96.00;96.00;96.00;96.00;90.10;;
Congo;;42.00;;50.00;53.00;54.00;68.00;57.00;50.00;66.00;77.00;70.00;65.00;60.00;;47.00;75.00;23.00;;29.00;33.00;42.00;41.00;50.00;67.00;73.00;81.00;80.00;93.00;92.50;90.00;90.00;90.00;90.00;95.00;85.00;78.00;80.00;83.00;83.00;77.00;81.45;82.11;78.00;
Cook Islands;40.00;;;57.00;48.00;78.00;87.00;83.00;94.00;89.00;93.00;87.00;87.00;100.00;86.00;93.00;75.00;93.00;93.00;92.00;99.00;97.00;100.00;96.00;107.00;114.00;137.00;106.00;100.00;100.00;99.00;98.00;98.00;98.00;100.00;99.00;99.00;100.00;100.00;100.00;;;;;
Costa Rica;86.00;85.00;81.00;86.00;93.00;90.00;89.00;94.00;86.00;86.00;95.00;90.00;94.00;98.00;94.00;99.00;92.00;94.00;87.00;89.00;89.98;91.00;94.00;89.80;90.40;91.00;89.00;90.00;91.00;91.00;91.00;86.64;92.00;95.00;91.00;93.00;97.31;99.00;95.00;96.00;99.97;93.36;95.23;98.79;
Côte d'Ivoire;;;;;19.00;25.00;30.00;73.00;25.00;42.00;;54.00;49.00;50.00;41.00;41.00;55.00;92.00;82.00;77.00;83.00;77.00;97.00;63.00;63.00;71.00;95.00;93.00;89.00;95.00;87.00;74.00;94.00;103.00;92.00;97.00;99.00;95.00;100.00;100.00;95.46;96.40;95.99;101.36;
Croatia;83.00;81.20;81.90;82.80;81.80;81.10;81.50;80.80;83.80;86.40;88.00;85.00;82.90;85.00;87.00;90.00;91.00;92.00;93.00;93.00;93.30;94.40;100.00;94.40;95.56;96.00;96.00;96.00;96.00;;97.00;97.00;95.76;98.00;95.00;94.07;92.80;91.90;93.30;;93.72;92.13;92.04;92.65;
Cuba;99.00;97.00;99.00;99.00;86.00;98.00;99.00;87.00;99.00;96.00;98.00;99.00;98.00;99.00;99.00;99.00;99.00;99.00;99.00;99.00;94.70;111.70;100.30;90.01;89.00;143.00;94.91;93.00;104.00;118.90;95.80;105.30;101.80;100.00;103.00;100.85;100.00;100.00;100.00;100.00;99.40;99.80;99.81;98.97;
Curaçao;;;;;;;;;;;;;;;;;;;;;;;;;;;;;;;;;;;;;;90.00;96.00;100.00;;;;;
Cyprus;34.00;56.00;26.00;34.00;30.00;;91.00;93.00;90.00;93.00;;;;;95.00;96.00;98.00;98.00;;;99.60;;99.60;100.00;100.00;100.00;100.00;100.00;100.00;100.00;100.00;100.00;99.80;99.80;100.00;99.80;99.80;99.80;99.80;99.70;99.70;99.70;98.43;100.00;
Czechia;;;;;;;;;;;;;;99.00;98.00;96.00;97.00;98.00;98.00;98.00;98.40;;97.70;97.00;97.90;97.00;98.00;99.00;99.00;99.00;;;99.12;;97.15;;95.75;;;96.69;;93.70;93.70;96.26;
Democratic People's Republic of Korea;50.00;52.00;51.00;52.00;67.00;55.00;61.00;86.00;87.00;97.00;98.00;97.00;90.00;90.00;99.00;96.00;100.00;100.00;55.00;87.00;81.60;;65.40;70.00;75.10;83.00;91.00;93.00;93.00;94.00;94.20;94.92;97.10;93.60;93.60;97.00;97.20;97.90;98.70;98.30;98.24;41.72;40.52;41.11;
Democratic Republic of the Congo;;18.00;;16.00;;37.00;39.00;38.00;41.00;38.00;36.00;16.00;;29.00;29.00;23.00;18.00;18.00;18.00;25.00;49.00;32.00;53.00;61.00;76.00;82.00;87.00;95.00;91.00;78.00;68.00;78.00;78.00;78.00;81.00;81.00;81.00;82.00;82.00;84.00;83.00;81.00;81.00;80.00;
Denmark;97.00;97.00;97.00;96.00;95.00;99.00;97.00;88.00;97.00;98.00;98.00;98.00;98.00;97.00;96.00;97.00;94.00;92.00;99.00;99.00;97.00;97.00;98.00;96.00;95.00;93.00;93.00;87.00;;90.00;93.00;94.00;97.00;97.00;96.00;96.00;97.00;99.00;97.20;97.00;97.10;97.80;97.60;97.72;
Djibouti;;;6.00;;21.00;30.00;26.00;25.00;65.00;77.00;85.00;81.00;84.00;41.00;57.00;63.00;49.00;62.00;23.00;23.20;66.08;64.83;72.46;76.16;81.00;73.00;76.00;92.00;90.00;90.00;90.00;89.00;85.00;87.00;93.00;90.00;74.00;88.65;91.07;90.50;76.35;69.95;87.84;95.34;
Dominica;63.00;97.00;100.00;93.00;84.00;91.00;93.00;95.00;96.00;92.00;99.00;99.00;99.00;99.00;99.00;100.00;100.00;92.00;99.00;99.00;99.30;99.50;99.00;99.00;100.00;98.00;112.00;96.00;104.00;99.60;98.30;98.00;97.70;97.90;99.00;100.00;99.88;98.00;99.00;101.00;100.00;95.32;96.39;98.78;
Dominican Republic;36.00;34.00;48.00;41.00;43.00;51.00;80.00;80.00;43.00;47.00;69.00;47.00;75.00;86.00;83.00;83.00;83.00;88.00;86.00;99.00;77.90;95.00;123.40;88.00;87.43;92.00;93.00;87.00;86.00;84.60;95.50;91.40;92.50;91.45;104.69;99.26;97.75;99.00;107.00;105.00;94.78;98.75;103.43;105.00;
Ecuador;75.00;82.00;99.00;85.00;99.00;99.00;93.00;85.00;86.00;91.00;99.00;93.00;99.00;99.00;99.00;99.00;99.00;99.00;98.00;99.00;104.70;89.90;102.10;99.00;99.00;99.00;105.00;107.00;107.00;112.00;111.00;111.00;117.42;87.00;84.00;79.79;83.44;84.89;86.00;85.00;74.33;77.58;73.86;99.00;
Egypt;84.00;82.00;83.00;;69.00;84.00;80.00;81.00;87.00;90.00;87.00;86.00;89.00;89.00;90.00;88.00;90.00;94.00;95.00;97.00;98.20;;;;97.60;98.00;98.00;98.00;98.00;97.40;97.30;97.00;94.00;97.40;95.50;94.50;;95.30;95.70;96.00;95.48;96.78;97.49;97.89;
El Salvador;56.00;47.00;46.00;48.00;31.00;55.00;51.00;53.00;63.00;64.00;80.00;67.00;62.00;79.00;90.00;99.00;98.00;97.00;100.00;94.00;99.00;92.00;81.00;94.00;90.00;89.00;96.00;111.00;98.00;91.00;89.80;90.00;93.00;92.00;96.00;92.75;93.25;85.00;82.00;96.00;97.52;97.00;95.68;96.47;
Equatorial Guinea;;;;;;3.00;3.00;;18.00;14.00;;;64.00;60.00;;64.00;64.00;81.00;;40.00;38.90;32.00;86.00;67.00;60.00;51.00;54.00;62.00;80.00;104.00;58.60;54.00;54.00;47.00;57.00;26.00;41.53;49.91;54.00;67.00;69.00;69.12;75.80;79.99;
Eritrea;;;;;;;;;;;;;;;;35.00;46.00;60.00;60.00;56.40;59.00;70.00;75.00;80.00;85.00;85.00;85.00;85.00;85.00;90.00;85.00;97.00;97.00;97.00;97.00;98.00;97.00;97.00;97.00;97.00;97.00;97.00;97.00;97.00;
Estonia;;;;;;;;;;;86.00;88.00;88.00;90.00;92.00;94.00;96.00;96.00;97.00;98.00;96.00;99.00;99.00;99.00;98.00;99.00;98.00;98.00;97.00;97.10;96.10;95.50;96.00;95.50;94.80;94.38;94.50;94.00;93.30;92.50;92.26;91.18;85.50;73.40;
Eswatini;;30.00;;43.00;50.00;61.00;74.00;86.00;89.00;89.00;89.00;79.00;93.00;89.00;96.00;82.00;82.00;82.00;84.00;100.00;111.00;88.00;88.00;96.00;94.00;77.00;73.00;70.00;87.00;79.40;95.00;98.00;97.00;98.90;99.00;96.40;96.00;96.40;92.00;96.00;86.70;85.50;101.74;89.36;
Ethiopia;;3.00;3.00;4.00;4.00;6.00;7.00;16.00;16.00;26.00;49.00;21.00;13.00;28.00;37.00;57.00;42.00;41.00;37.00;40.00;50.00;63.00;60.00;63.00;75.00;78.00;80.00;81.00;87.00;86.30;90.00;87.00;95.00;91.00;89.28;100.77;102.00;99.00;100.00;99.00;99.00;97.94;98.02;99.90;
Fiji;68.00;70.00;64.00;80.00;77.00;69.00;71.00;90.00;98.00;69.00;82.00;99.00;;96.00;83.00;97.00;97.00;86.00;86.00;;;100.00;96.00;97.00;75.21;80.00;84.00;83.00;100.00;;;84.30;92.60;99.00;99.00;98.00;95.00;99.00;89.00;91.60;95.85;;86.00;98.48;
Finland;;92.00;94.00;94.00;;;;;99.00;90.00;90.00;95.00;99.00;99.00;99.00;99.00;100.00;99.00;99.00;99.00;99.00;99.00;98.80;98.00;98.00;99.00;99.00;99.00;99.00;99.40;;98.90;99.00;98.40;;97.20;98.60;98.50;98.60;98.00;88.60;98.00;97.00;97.00;
France;;79.00;;90.00;94.00;;96.00;;79.00;95.00;94.00;94.00;94.00;94.00;96.00;96.00;97.00;97.00;96.00;97.00;97.00;97.00;97.00;97.00;99.00;99.00;99.00;99.00;99.00;99.00;99.00;99.00;99.00;99.00;99.20;97.00;99.20;99.00;99.00;;;99.20;98.80;98.80;
French Polynesia;;31.00;;;;76.00;86.00;61.00;89.00;85.00;81.00;89.00;92.00;;;93.00;98.00;98.00;92.00;98.00;99.00;99.80;;99.50;;;;98.00;;98.00;98.00;98.00;98.90;;98.00;99.00;98.00;99.70;98.00;98.00;;;99.00;;
Gabon;;;48.00;14.00;31.00;48.00;48.00;59.00;65.00;71.00;78.00;72.00;66.00;65.00;59.00;70.00;61.00;54.00;37.00;31.00;24.00;28.00;60.00;72.00;53.00;52.00;57.00;81.00;85.00;81.00;93.00;82.00;86.00;80.00;77.00;87.00;83.00;81.00;78.00;77.00;68.83;75.53;64.56;73.13;
Gambia;89.00;87.00;91.00;88.00;91.00;90.00;93.00;95.00;96.00;96.00;98.00;96.00;97.00;99.00;99.00;99.00;100.00;;;;;;80.00;80.00;90.00;95.00;95.00;94.00;93.00;94.00;95.00;99.00;100.00;98.00;98.00;99.00;99.00;93.00;94.00;93.00;;;85.03;84.43;
Georgia;;;;;;;;;;;;;58.30;54.30;58.00;54.00;91.60;92.00;89.00;98.00;99.20;97.40;96.10;95.00;88.00;91.00;99.00;103.00;100.00;98.60;100.00;94.00;94.00;100.00;100.70;96.60;97.00;98.00;99.00;100.00;95.23;97.01;95.38;96.00;
Germany;;;;;;;95.00;97.00;93.00;94.00;80.00;90.00;80.00;80.00;80.00;80.00;80.00;85.00;62.00;73.00;78.00;84.00;87.00;89.00;97.00;98.00;98.00;97.00;98.00;97.00;96.00;96.00;96.00;98.80;98.90;98.90;98.70;98.60;98.50;98.50;98.49;98.17;96.70;96.90;
Ghana;7.00;22.00;22.00;23.00;19.00;;15.00;18.00;36.00;35.00;50.00;40.00;40.00;48.00;48.00;51.00;51.00;60.00;68.00;72.20;84.00;;;87.00;88.00;88.00;87.00;96.00;96.00;96.00;96.00;94.00;92.10;94.00;100.00;96.60;94.40;99.00;97.00;97.00;94.48;99.00;99.22;99.50;
Greece;72.00;95.00;;;60.00;54.00;80.00;82.00;83.00;54.00;54.00;85.00;89.00;89.00;90.00;90.00;90.00;90.00;;88.00;;;;;;;;100.00;100.00;99.80;;99.80;99.80;99.80;100.00;100.00;100.00;100.00;100.00;100.00;100.00;100.00;100.00;100.00;
Grenada;25.00;43.00;56.00;68.00;76.00;61.00;98.00;80.00;65.00;87.00;80.00;85.00;90.00;89.00;91.00;95.00;80.00;95.00;97.00;88.00;105.80;96.00;98.00;93.54;87.00;100.00;91.00;101.00;100.00;99.40;97.00;94.70;96.70;101.30;97.00;94.08;96.14;83.00;96.00;101.00;;;78.70;92.44;
Guam;;11.00;30.00;37.00;;97.00;;;97.00;8.00;56.00;;;;20.00;;72.00;96.00;91.00;90.00;99.00;90.00;;88.00;97.00;86.00;;;;;;;72.00;72.00;;91.00;;;;;;;;;
Guatemala;43.00;42.00;45.00;44.00;48.00;21.00;37.00;16.00;47.00;58.00;66.00;63.00;66.00;75.00;78.00;80.00;77.00;88.00;89.00;93.00;95.00;93.00;94.00;96.00;98.00;105.00;95.00;88.00;100.00;95.00;96.00;93.80;102.80;108.00;91.00;99.00;99.00;98.00;94.00;96.21;100.17;90.84;94.29;93.85;
Guinea;;;;;;;2.00;;;17.00;20.00;41.00;52.00;;73.00;73.00;48.00;53.00;56.00;57.00;67.00;66.00;65.00;77.00;75.00;90.00;99.00;96.00;80.00;89.00;95.00;85.00;108.00;95.00;75.00;70.00;80.00;75.00;80.00;85.00;91.00;70.00;75.00;73.00;
Guinea-Bissau;;;;9.00;18.00;18.00;29.00;55.00;66.00;60.00;61.00;63.00;67.00;65.00;74.00;45.00;53.00;63.00;;6.00;;47.00;50.00;82.00;80.00;86.00;85.00;107.00;79.00;84.00;104.00;101.00;90.00;100.00;92.00;90.00;84.00;91.00;92.00;86.00;;93.00;81.00;81.00;
Guyana;36.00;41.00;53.00;76.00;70.00;75.00;64.00;69.00;64.00;77.00;85.00;89.00;88.00;94.00;94.00;86.00;88.00;94.00;90.00;91.00;97.00;98.11;91.00;90.00;91.00;93.00;95.00;96.00;94.00;98.00;100.00;93.00;99.00;98.00;101.00;96.17;96.79;97.00;99.00;100.00;102.56;98.43;105.00;104.23;
Haiti;3.00;14.00;12.00;9.00;14.00;19.00;24.00;45.00;48.00;50.00;41.00;;30.00;30.00;30.00;51.00;;35.00;39.00;59.00;80.44;52.00;51.00;50.00;71.00;;90.00;85.06;75.77;80.41;86.10;112.54;117.68;104.49;88.04;97.21;91.69;91.98;108.78;97.87;100.87;90.16;83.27;104.78;
Honduras;28.00;41.00;50.00;55.00;41.00;58.00;72.00;58.00;74.00;85.00;84.00;99.00;93.00;95.00;99.00;97.00;99.00;96.00;100.00;98.00;98.00;98.00;95.00;92.00;94.00;98.00;95.00;94.00;96.00;100.00;105.00;110.80;88.30;87.80;86.03;101.54;104.12;92.00;93.00;89.00;84.64;82.24;79.64;73.82;
Hungary;99.00;99.00;99.00;99.00;99.00;99.00;99.00;100.00;99.00;99.00;99.00;100.00;100.00;99.00;99.00;100.00;100.00;100.00;100.00;100.00;100.00;100.00;100.00;;;100.00;100.00;100.00;100.00;;;;;;;;;;;;;;99.96;99.95;
Iceland;;99.00;98.00;94.00;99.00;;99.00;;99.00;99.00;99.00;99.00;99.00;99.00;99.00;99.00;99.90;100.00;;;99.00;95.00;;97.00;99.00;95.00;97.00;97.00;98.00;99.00;98.00;99.00;97.00;96.70;96.00;96.00;96.00;97.00;97.00;94.80;95.64;96.66;95.40;95.45;
India;52.80;57.90;74.00;77.50;86.70;100.00;84.90;97.00;93.20;100.00;100.00;90.47;90.19;93.20;94.50;90.70;91.50;93.00;90.00;59.00;74.00;75.00;75.00;76.00;77.00;82.00;81.00;81.00;81.00;84.00;86.00;89.00;89.00;90.00;;90.00;91.00;92.00;103.00;93.76;87.07;88.00;95.00;93.30;
Indonesia;;;1.00;5.60;12.90;27.00;46.50;63.50;70.70;75.20;87.60;91.20;93.10;90.50;92.10;91.50;90.90;90.30;92.40;88.40;87.00;81.50;80.60;98.00;81.00;97.00;93.00;93.00;86.00;89.00;93.50;93.30;88.20;93.00;97.70;90.00;90.00;90.00;78.83;90.00;83.00;83.00;92.00;85.10;
Iran (Islamic Republic of);32.00;29.00;41.00;33.00;33.00;51.00;57.00;57.00;88.00;82.00;91.00;88.00;97.00;99.00;95.00;98.00;100.00;100.00;100.00;100.00;100.00;96.00;99.00;100.00;100.00;97.00;98.00;99.00;99.00;99.00;99.00;99.00;99.00;98.00;99.00;99.00;99.00;99.00;99.00;99.00;99.73;98.41;99.00;99.38;
Iraq;13.00;13.00;18.00;16.00;;;91.00;85.00;91.00;100.00;91.00;63.00;86.00;88.00;91.00;92.00;96.00;92.00;87.00;94.00;91.80;85.00;82.00;70.00;85.70;97.00;88.00;80.00;93.00;99.70;92.80;97.10;94.50;88.00;86.00;80.00;71.00;89.00;95.00;93.00;89.73;88.85;101.04;96.84;
Ireland;34.00;36.00;43.00;42.00;45.00;45.00;;;43.00;65.00;65.00;;;;;;;76.00;84.00;86.00;86.00;84.00;83.00;86.00;89.00;90.00;91.00;92.00;93.00;93.71;94.00;95.00;95.00;96.00;95.54;95.10;95.00;95.00;94.47;93.50;94.16;93.50;92.69;89.48;
Israel;94.00;97.00;97.00;96.00;95.00;95.00;97.00;97.00;97.00;97.00;97.00;97.00;98.00;98.00;98.00;98.00;97.00;95.00;96.00;96.00;96.00;95.00;97.00;95.00;95.00;93.00;95.00;95.00;94.00;96.00;95.00;94.00;94.00;96.00;95.00;95.00;94.00;99.00;98.90;100.00;99.41;99.42;99.69;;
Italy;;;;;;;;;;;80.00;80.00;80.00;82.00;83.00;84.00;84.00;85.00;86.20;86.80;87.00;93.00;93.00;96.00;94.00;95.00;96.00;97.00;96.00;96.00;96.00;95.80;97.00;96.00;95.00;93.00;;;;;93.65;93.90;95.15;94.76;
Jamaica;24.00;39.00;34.00;51.00;58.00;60.00;74.00;81.00;82.00;85.00;98.00;94.00;86.00;99.00;99.00;90.00;98.00;97.00;85.00;84.00;87.20;89.00;86.00;92.00;88.00;91.00;96.00;85.00;88.00;90.90;94.00;93.70;95.60;93.10;92.00;90.95;98.76;95.00;97.00;97.00;95.59;92.90;98.42;100.67;
Japan;60.00;75.00;81.00;80.00;82.00;83.00;;;;87.00;87.00;92.00;87.00;85.00;;74.00;100.00;70.00;;;100.00;100.00;102.10;101.00;103.00;102.00;101.00;102.00;;;;;105.10;103.80;103.50;99.80;99.20;102.40;100.98;98.30;96.21;98.77;;;
Jordan;30.00;81.00;75.00;76.00;44.00;53.00;88.00;90.00;98.00;94.00;92.00;92.00;96.00;94.00;96.00;100.00;101.00;99.00;99.00;85.00;91.00;99.00;96.00;98.00;96.00;98.00;99.00;99.00;98.00;98.00;98.00;98.00;98.00;99.00;98.00;99.00;100.00;100.00;96.00;90.00;78.00;;92.36;96.77;
Kazakhstan;;;;;;;;;;;;;81.00;76.00;76.00;93.00;95.00;97.00;100.00;98.00;97.30;95.00;95.00;100.00;84.70;100.00;101.00;97.00;100.00;98.50;99.00;99.30;99.80;99.40;96.00;99.00;93.10;101.40;99.00;99.00;94.50;;99.42;98.60;
Kenya;;;;;;70.00;72.00;;30.00;41.00;42.00;41.00;40.00;42.00;50.00;84.00;77.00;36.00;64.00;79.20;73.00;80.00;90.00;89.00;73.00;85.00;90.00;89.00;90.00;80.00;93.00;95.00;89.00;84.00;88.00;80.91;84.00;75.57;84.84;87.54;88.40;92.71;92.00;88.00;
Kiribati;43.00;29.00;53.00;40.00;18.00;37.00;;36.00;63.00;79.00;97.00;70.00;86.00;100.00;71.00;60.00;79.00;91.00;88.00;78.00;95.00;85.00;;109.40;;93.00;98.00;99.00;97.00;90.00;91.00;;94.40;95.00;83.40;95.00;;94.00;104.00;102.43;99.42;;96.49;;
Kosovo (in accordance with UN Security Council resolution 1244 (1999));;;;;;;;;;;;;;;;;;;;;;;;;;;;;;;;;;;;;;;;;93.77;;93.44;95.11;
Kuwait;67.00;79.00;83.00;89.00;89.00;90.00;91.00;92.00;94.00;94.00;;;;97.00;100.00;100.00;100.00;96.00;95.00;93.90;97.70;;;100.00;;111.00;;;;;98.10;99.20;98.21;;94.70;99.00;99.00;99.00;99.00;;;99.00;99.00;101.10;
Kyrgyzstan;;;;;;;;;;;;;84.40;64.40;82.00;93.10;97.70;98.00;97.00;99.20;99.00;99.30;98.90;98.60;99.40;98.00;96.00;98.00;100.00;98.20;98.90;97.00;96.50;98.50;96.40;99.90;96.70;94.20;98.30;99.20;89.68;88.80;90.41;91.32;
Lao People's Democratic Republic;;;;;;4.00;5.00;10.00;17.00;21.00;18.00;22.00;23.00;25.00;48.00;54.00;58.00;60.00;55.00;56.00;83.20;60.00;65.00;72.00;66.00;68.00;81.00;59.00;73.00;76.00;;;87.30;89.00;94.00;105.00;97.00;100.00;100.00;95.18;95.85;93.67;96.46;98.76;
Latvia;;91.00;89.00;89.00;91.00;90.00;90.00;92.00;89.00;88.00;90.00;89.00;87.00;97.00;99.00;99.00;100.00;99.00;99.00;95.00;100.00;100.00;99.00;98.00;101.00;100.00;96.00;94.00;94.00;94.00;100.00;95.00;92.00;96.00;93.00;97.00;98.77;98.38;97.00;100.00;100.00;95.93;99.83;98.14;
Lebanon;;;4.00;;4.00;60.00;30.00;91.00;33.00;78.00;82.00;86.00;89.00;87.00;;94.00;94.00;92.00;96.00;94.30;93.00;95.00;98.00;98.00;;56.00;57.00;56.00;99.00;96.00;98.30;97.50;99.00;100.00;96.70;92.51;91.65;94.00;94.60;95.14;86.00;87.20;;84.87;
Lesotho;;57.80;;80.40;;;68.00;69.60;86.90;78.20;71.20;66.50;66.30;47.20;55.30;51.50;52.60;56.00;64.00;58.30;69.00;74.00;62.00;64.00;78.00;92.00;92.00;93.00;93.00;75.00;85.00;71.00;69.00;69.00;71.00;69.00;70.00;87.00;85.00;95.00;95.70;94.53;94.00;89.64;
Liberia;;39.00;;23.00;;;15.00;19.00;;;;;;;;45.00;45.00;26.00;19.00;23.10;48.40;79.00;67.00;49.00;48.00;92.00;100.00;105.00;106.00;100.00;85.00;86.00;102.00;97.00;74.00;77.00;99.00;99.00;99.00;94.00;89.91;89.44;101.25;99.00;
Libya;60.00;67.00;72.00;79.00;81.00;81.00;82.00;82.00;84.00;87.00;84.00;;90.00;;;95.00;96.00;96.00;95.00;94.00;;;;;100.00;98.00;98.00;98.00;98.00;98.00;;;99.00;;98.00;98.00;98.00;;98.00;98.00;98.00;98.00;98.00;95.28;
Lithuania;;;;;;;;;;;;;86.00;87.00;87.00;97.00;92.00;90.00;93.00;93.00;98.60;98.50;98.10;98.40;94.00;98.00;98.00;99.00;96.00;98.00;98.30;95.00;97.00;97.43;96.95;97.43;97.00;97.10;95.30;95.50;95.49;92.94;93.20;93.23;
Luxembourg;;;;75.00;68.00;;;95.00;90.00;90.00;90.00;;;;;;98.00;98.00;;;;;100.00;100.00;100.00;100.00;100.00;100.00;100.00;99.50;99.50;99.50;100.00;99.90;100.00;99.90;99.90;100.00;99.80;;100.00;100.00;;98.90;
Madagascar;48.00;41.00;15.00;23.00;19.00;23.00;30.00;35.00;42.00;51.00;71.00;53.00;65.00;66.00;66.00;74.00;73.00;61.00;54.00;71.00;86.00;44.00;76.00;99.00;86.00;92.00;99.00;100.00;100.00;96.11;94.00;96.04;96.50;96.00;98.54;95.20;99.96;;97.00;100.79;99.99;87.99;84.65;92.64;
Malawi;58.00;64.00;52.00;63.00;54.00;58.00;59.00;53.00;73.00;88.00;80.00;81.00;86.00;91.00;98.00;97.00;90.00;95.00;96.00;85.00;98.00;100.00;94.00;100.00;106.00;108.00;100.00;96.00;91.00;93.00;97.00;98.00;99.00;96.00;97.00;93.00;89.00;93.00;96.00;97.00;95.19;95.00;89.19;95.00;
Malaysia;66.60;65.50;72.80;71.00;67.00;68.00;73.00;78.00;76.00;92.00;95.00;93.00;93.50;91.00;95.00;98.00;98.00;98.00;98.00;98.00;98.00;97.00;96.00;99.00;96.00;96.00;96.00;98.00;98.00;98.00;98.00;97.00;98.00;;;99.00;;;;98.00;97.68;95.00;97.17;107.71;
Maldives;;1.00;1.00;;24.00;28.00;42.00;42.00;86.00;91.00;94.00;98.00;99.00;93.00;96.00;99.00;97.00;97.00;97.00;99.00;99.00;98.00;99.00;98.50;98.00;99.00;99.00;99.00;99.00;99.00;97.00;;99.50;99.40;99.10;99.50;99.50;99.60;100.00;98.50;98.61;97.16;100.00;99.64;
Mali;;;;;;8.00;3.00;8.00;18.00;26.00;42.00;34.00;38.00;46.00;39.00;49.00;53.00;52.00;56.00;47.00;61.00;61.00;97.00;98.00;105.00;112.00;108.00;91.00;122.00;105.00;92.00;102.00;103.00;86.00;85.00;96.00;91.79;91.79;80.00;82.00;82.10;110.00;78.00;78.00;
Malta;;;;;50.00;37.00;86.00;;87.00;47.00;63.00;86.00;82.00;83.00;;92.00;92.00;;92.00;;96.70;;95.00;96.00;92.00;94.00;85.00;84.00;88.00;91.40;96.70;100.00;100.00;99.98;99.72;97.61;97.30;98.02;99.00;98.33;98.85;99.20;98.62;99.13;
Marshall Islands;;;;;;;;;92.00;;92.00;71.00;82.00;56.00;67.00;70.00;78.00;78.00;86.00;66.00;39.20;73.00;90.00;90.00;71.00;89.00;90.00;100.00;;102.00;100.00;;97.00;73.37;97.00;95.00;71.00;96.73;97.00;96.00;97.34;96.61;96.29;97.79;
Mauritania;;18.00;;;;;11.00;10.00;24.00;28.00;33.00;29.00;39.00;44.00;50.00;50.00;50.00;28.00;;26.00;31.00;82.00;99.00;91.00;83.00;85.00;85.00;92.00;88.00;79.41;81.63;91.10;95.00;95.00;88.00;86.60;100.00;100.57;95.00;100.00;99.00;99.00;90.00;101.14;
Mauritius;89.00;82.00;94.00;89.00;85.00;88.00;86.00;84.00;86.00;85.00;85.00;;88.00;;89.00;93.00;89.00;90.00;89.00;85.20;87.90;;;100.00;98.00;99.00;97.00;97.00;99.00;99.00;99.00;99.00;99.00;99.00;97.00;98.00;97.00;96.00;98.00;97.00;96.00;94.00;96.00;97.00;
Mexico;44.00;43.00;50.00;52.00;52.00;40.00;34.00;62.00;60.00;65.00;53.00;89.00;95.00;93.00;98.00;98.00;99.00;99.00;99.00;99.00;99.00;99.00;100.00;99.59;100.00;100.00;100.00;99.50;98.00;98.00;96.30;99.90;98.90;88.68;86.90;99.63;96.03;93.00;90.00;84.00;91.99;83.14;92.96;88.93;
Micronesia (Federated States of);;;;;;;;57.00;85.00;95.00;85.00;79.00;;78.00;81.00;83.00;;75.00;80.00;76.00;95.00;75.00;;92.00;83.00;94.00;67.00;79.00;;91.00;90.00;96.00;97.00;97.63;94.40;95.00;95.00;97.00;97.00;97.00;98.17;95.48;99.70;97.60;
Monaco;;;;;;;;;100.00;100.00;100.00;98.00;98.00;;99.00;99.00;;;;100.00;;;100.00;;;;;;;;;;;;;;;100.00;100.00;100.00;;;;100.00;
Mongolia;76.00;99.00;79.00;79.00;77.00;83.00;85.00;69.00;70.00;84.00;69.00;81.00;64.00;79.00;78.00;88.00;90.00;92.00;94.00;94.00;95.40;95.00;98.00;98.10;98.90;99.00;99.00;95.00;98.00;94.96;97.86;99.20;99.50;98.24;98.90;99.30;99.00;99.60;99.10;98.80;97.60;97.06;96.65;97.64;
Montenegro;;;;;;;;;;;;;;;;;;;;;;;;;;;95.00;98.00;98.00;95.50;97.00;98.00;97.60;98.00;96.80;95.50;96.56;95.45;94.40;;94.35;93.54;93.08;92.94;
Montserrat;;;;;;;;;;;99.00;99.00;99.00;99.00;99.00;99.00;99.00;99.00;99.00;99.00;101.67;97.50;;91.23;;;;;;;;;;;;;;100.00;102.00;118.00;;100.00;97.56;100.00;
Morocco;;43.00;32.00;41.00;45.00;51.00;54.00;85.00;82.00;80.00;81.00;81.00;87.00;90.00;92.00;94.00;95.00;99.00;99.00;93.00;98.00;97.00;94.00;94.00;99.00;99.00;99.00;98.00;100.00;101.00;100.00;100.00;100.00;100.00;100.00;100.00;100.00;100.00;100.00;100.00;;;;;
Mozambique;;56.00;43.00;38.00;32.00;29.00;32.00;39.00;38.00;47.00;46.00;46.00;50.00;49.00;55.00;57.00;60.00;61.00;77.00;81.00;102.00;;;85.00;80.00;85.00;109.00;85.00;85.00;90.00;77.00;91.30;91.30;93.00;93.00;90.00;;99.00;95.00;95.00;90.00;90.00;;87.00;
Myanmar;4.00;5.00;9.00;11.00;12.00;16.00;37.00;28.00;36.00;50.00;69.00;84.00;87.00;90.00;77.00;84.00;88.00;90.00;90.00;73.00;87.00;81.00;80.80;80.00;86.00;76.00;86.00;89.00;88.00;93.00;93.00;88.49;89.00;90.00;92.00;94.00;94.00;94.00;95.00;92.84;87.09;44.87;80.97;80.07;
Namibia;;;;;;;;;;;59.00;87.00;70.00;73.00;79.00;74.00;70.00;66.00;74.00;72.40;90.00;63.00;86.00;92.00;88.00;93.00;74.00;88.00;88.00;87.00;87.00;88.00;89.00;94.00;92.00;98.00;98.00;98.00;90.00;92.00;101.72;100.73;89.57;90.00;
Nauru;;;;;67.00;67.00;;55.00;67.00;75.00;74.00;;;;;56.00;;50.00;72.00;64.00;85.40;95.00;100.00;;90.00;90.00;98.00;100.00;100.00;100.00;100.00;100.00;98.00;;80.40;98.00;99.20;99.70;100.00;105.00;102.13;101.45;;;
Nepal;8.00;16.00;18.00;28.00;27.00;32.00;38.00;46.00;75.00;72.00;80.00;74.00;72.00;68.00;63.00;65.00;75.00;78.00;76.00;76.00;91.00;84.00;84.00;82.00;88.00;81.00;93.00;85.00;84.00;94.00;85.00;96.00;90.00;94.00;94.00;94.00;92.12;95.00;96.00;96.00;89.00;92.00;95.00;96.00;
Netherlands (Kingdom of the);96.30;96.30;96.60;96.90;96.90;96.80;96.90;96.90;97.00;97.10;96.90;97.00;97.20;97.20;97.00;96.90;97.40;97.40;97.30;97.20;97.20;97.20;97.20;98.00;98.00;96.00;96.30;96.70;96.80;96.80;96.90;96.65;96.70;96.55;96.00;95.00;94.77;93.86;93.49;93.67;94.17;94.70;92.86;91.84;
New Caledonia;;;;;;76.00;;;;;;;;;;88.00;;93.00;87.00;;;;;;;;;100.00;;;;;99.30;99.30;99.30;99.00;99.00;99.00;99.20;;;;99.00;;
New Zealand;76.00;72.00;73.00;73.00;83.00;72.00;70.00;67.00;69.00;;90.00;81.00;81.00;;84.00;89.00;;86.00;81.00;88.00;89.60;89.60;;;;92.00;92.00;91.00;91.00;94.00;94.84;95.36;94.22;93.35;93.18;93.00;92.00;95.49;94.78;93.87;94.48;93.20;93.90;92.82;
Nicaragua;34.00;66.00;83.00;89.00;33.00;39.00;99.00;51.00;47.00;68.00;70.00;75.00;80.00;91.00;88.00;99.00;99.00;101.00;91.00;90.00;97.20;92.00;88.00;86.00;80.20;92.00;94.00;105.00;103.00;100.60;103.70;107.00;108.40;108.40;109.00;110.70;110.06;109.37;109.00;112.00;106.03;100.60;113.24;104.34;
Niger;;6.00;;;;;5.00;;9.00;13.00;35.00;39.00;37.00;38.00;39.00;42.00;32.00;33.00;25.00;24.00;35.00;50.00;40.00;76.00;75.00;97.00;114.00;87.00;94.00;100.00;99.00;102.00;104.00;98.00;100.00;96.00;92.00;95.00;91.00;92.00;93.00;94.00;96.00;94.00;
Nigeria;;;;;5.00;9.00;16.00;21.00;36.00;47.00;56.00;39.00;43.00;29.00;44.00;34.00;26.00;21.00;21.00;;48.00;;;;49.00;45.00;87.00;77.00;66.00;82.00;84.00;68.00;67.00;72.00;76.00;54.70;54.70;49.00;72.30;65.30;65.00;70.00;70.00;70.00;
Niue;7.00;8.00;;;43.00;;;100.00;100.00;100.00;;100.00;;100.00;100.00;100.00;100.00;100.00;100.00;100.00;100.00;;100.00;;100.00;85.00;100.00;99.00;100.00;100.00;100.00;100.00;100.00;100.00;;100.00;100.00;100.00;100.00;;;;100.00;100.00;
North Macedonia;;;;;;;;;;;;;;90.00;88.00;95.00;93.00;97.00;94.00;95.00;98.00;94.70;99.00;99.70;96.10;97.00;95.00;95.00;95.00;95.90;95.40;97.00;98.00;98.00;97.70;98.10;97.00;97.10;97.80;;92.71;89.08;91.85;92.06;
Northern Mariana Islands;;;;;;;;;51.00;19.00;12.00;;;;76.00;93.00;;97.00;98.00;99.00;100.00;;;92.00;96.00;;;94.00;;;;;;;;;86.00;;82.00;80.16;90.84;78.04;99.20;96.28;
Norway;;;;90.00;90.00;85.00;83.00;80.00;83.00;83.00;86.00;96.00;98.00;94.00;93.00;97.00;97.00;99.00;99.00;99.00;99.00;99.00;99.00;99.00;99.00;99.00;99.00;99.00;99.00;94.00;99.00;99.00;100.00;99.00;99.00;100.00;100.00;100.00;100.00;100.00;98.38;98.30;97.90;98.98;
occupied Palestinian territory. including east Jerusalem;;;;;;;;;;;;;;;;100.00;97.00;96.00;98.00;89.00;95.00;97.00;97.00;99.00;99.00;99.00;103.00;103.00;101.00;;;;;;;;;100.00;100.00;100.00;;;99.43;88.39;
Oman;18.00;19.00;24.00;31.00;45.00;60.00;82.00;89.00;90.00;98.00;98.00;95.00;99.00;97.00;97.00;100.00;100.00;99.00;100.00;98.60;99.99;99.98;98.59;98.75;;101.00;98.00;100.00;99.00;;;;;;;100.00;;100.00;100.00;100.00;99.98;100.00;100.00;99.99;
Pakistan;2.00;3.00;5.00;15.00;44.00;30.00;56.00;62.00;64.00;73.00;83.00;81.00;78.00;74.00;64.00;58.00;77.00;74.00;79.00;80.00;88.00;86.00;76.90;76.80;75.00;82.00;90.00;70.00;69.00;67.00;67.00;77.00;78.00;78.00;80.00;82.00;82.00;83.00;84.00;90.50;87.00;90.00;93.00;94.00;
Palau;;;;;;;98.00;81.00;100.00;78.00;100.00;98.00;93.00;89.00;67.00;100.00;98.00;91.00;96.00;96.00;96.00;;100.00;;100.00;98.00;98.00;100.00;100.00;;99.00;;100.00;100.00;100.00;100.00;98.00;100.00;99.00;99.00;99.00;99.33;99.40;99.17;
Panama;99.00;98.00;83.00;85.00;66.00;73.00;92.00;73.00;71.00;70.00;97.00;87.00;76.00;92.00;95.00;99.00;99.00;95.00;98.00;92.00;111.00;100.00;101.00;98.00;114.00;95.00;117.00;97.00;93.00;95.00;107.90;102.80;99.40;92.70;96.00;96.50;101.51;103.00;102.00;101.00;97.36;97.56;97.83;91.48;
Papua New Guinea;32.00;32.00;29.00;27.00;34.00;43.00;44.00;44.00;48.00;53.00;97.00;93.00;82.00;93.00;91.00;97.00;80.00;87.00;85.00;82.00;84.00;77.00;81.00;88.00;81.00;80.00;85.00;76.00;70.00;84.00;84.00;83.00;85.00;88.00;87.00;83.00;87.00;69.00;67.00;55.00;61.27;52.05;58.36;55.54;
Paraguay;31.00;42.00;47.00;55.00;80.00;57.00;52.00;58.00;56.00;61.00;92.00;95.00;99.00;94.00;94.00;92.00;89.00;82.00;83.00;90.00;80.00;89.00;87.00;86.00;88.00;87.00;85.00;78.00;76.00;74.00;76.10;76.40;76.40;73.30;77.78;84.14;81.90;83.00;79.00;76.00;72.17;66.57;69.73;101.00;
Peru;57.00;63.00;64.00;61.00;28.00;48.00;54.00;43.00;61.00;58.00;83.00;78.00;85.00;88.00;92.00;96.00;99.00;98.00;98.00;99.00;98.00;90.00;94.80;94.00;90.57;89.00;98.00;113.00;100.00;99.18;96.50;94.03;99.80;96.67;98.14;97.31;96.23;85.17;104.43;97.00;92.97;90.11;92.67;91.53;
Philippines;47.00;54.00;54.00;55.00;36.00;59.00;53.00;72.00;79.00;86.00;88.00;90.00;92.00;89.00;88.00;83.00;90.00;90.00;87.00;;81.00;80.00;84.00;86.00;92.00;91.00;90.00;90.00;94.00;90.00;89.00;73.00;65.00;55.00;78.00;63.00;85.00;69.00;66.00;73.00;78.00;57.49;74.15;78.02;
Poland;96.00;96.00;95.00;95.00;95.00;94.00;95.00;96.00;96.00;96.00;96.00;95.00;95.00;95.00;96.00;96.00;97.00;98.00;98.00;98.00;98.00;98.00;99.00;99.00;98.70;99.00;99.00;99.00;99.00;99.00;99.00;99.00;98.70;98.60;98.30;97.90;97.60;96.40;95.20;95.00;94.30;94.00;94.30;;
Portugal;73.00;75.00;78.00;79.00;78.00;72.00;81.00;83.00;81.00;88.00;89.00;96.00;94.00;93.00;97.00;93.00;95.00;94.00;97.00;;;;93.80;98.60;95.00;94.00;97.00;97.00;101.00;96.00;98.00;97.00;98.00;98.00;97.80;97.90;97.60;98.10;98.60;98.70;98.80;98.60;98.60;98.80;
Qatar;61.00;43.00;37.00;49.00;60.00;71.00;72.00;72.00;69.00;81.00;82.00;86.00;88.00;90.00;91.00;92.00;92.00;92.00;94.00;92.00;92.00;94.70;96.00;96.00;99.00;100.00;100.00;96.00;;99.00;98.00;94.00;95.00;100.00;100.00;98.57;100.00;98.00;98.80;;89.01;98.68;98.81;98.70;
Republic of Korea;70.00;61.00;61.00;69.00;76.00;76.00;76.00;57.00;58.00;89.00;74.00;;;;93.00;100.00;;80.00;74.00;;96.80;;;97.00;95.20;98.00;98.00;95.00;95.00;96.00;96.00;99.60;99.80;99.90;99.90;98.10;98.00;;98.20;98.40;98.00;98.00;98.00;98.00;
Republic of Moldova;;;;;;;;;;;;;84.00;70.00;86.00;96.00;97.00;97.00;97.00;97.00;95.00;97.00;97.10;97.70;97.50;98.00;97.00;95.00;96.00;94.73;93.40;96.40;92.40;89.60;94.10;88.50;93.60;91.20;96.40;91.13;86.07;86.74;88.52;87.40;
Romania;;;;;;95.00;89.00;92.00;96.00;96.00;96.00;98.00;98.00;91.00;98.00;98.00;98.00;97.00;;97.40;98.70;98.60;;97.00;;;97.00;;;;94.00;;;;94.30;89.10;89.10;82.20;86.20;87.80;86.70;86.30;84.60;78.50;
Russian Federation;;;;;;;;;;;68.50;68.70;72.60;79.20;88.10;77.80;83.70;87.50;91.00;95.00;97.00;95.80;96.60;96.30;97.40;98.00;97.84;98.00;98.00;97.54;97.00;97.20;97.27;97.30;96.52;97.04;97.02;97.00;96.88;96.88;96.53;96.73;96.87;96.85;
Rwanda;;17.00;;59.00;;50.00;77.00;79.00;78.00;68.00;57.00;89.00;85.00;83.00;;90.00;98.00;77.00;;85.00;92.80;77.00;95.00;97.00;94.00;95.00;104.00;97.00;102.00;98.00;98.00;98.00;102.00;102.93;99.00;103.55;99.10;103.77;98.00;99.42;99.00;90.00;;93.65;
Saint Kitts and Nevis;56.00;67.00;92.00;90.00;97.00;92.00;100.00;96.00;94.00;100.00;100.00;100.00;100.00;100.00;100.00;99.00;100.00;100.00;98.00;100.00;103.00;100.00;97.00;99.00;96.00;100.00;100.00;100.00;99.00;109.60;95.70;98.00;102.40;97.00;99.00;93.70;98.35;98.00;99.00;97.00;99.53;97.07;96.33;98.08;
Saint Lucia;56.00;64.00;79.00;81.00;83.00;87.00;78.00;85.00;78.00;92.00;94.00;96.00;99.00;97.00;99.00;98.00;88.00;98.00;88.00;99.00;75.57;95.00;88.00;90.00;100.00;103.00;94.00;100.00;99.00;98.50;98.30;101.00;100.90;103.40;101.00;114.25;95.16;89.00;103.00;100.00;89.82;89.40;91.75;95.63;
Saint Vincent and the Grenadines;26.00;32.00;67.00;80.00;86.00;90.00;95.00;97.00;98.00;98.00;99.00;99.00;100.00;100.00;100.00;97.00;100.00;100.00;100.00;95.00;100.00;100.00;100.00;100.00;100.00;99.00;100.00;108.00;107.00;105.00;100.20;95.60;95.90;101.90;106.00;120.04;99.90;104.00;104.00;104.00;106.00;92.23;99.05;93.54;
Samoa;29.00;66.00;87.00;89.00;96.00;89.00;94.00;93.00;90.00;66.00;90.00;79.00;91.00;;93.00;94.00;95.00;96.00;100.00;98.00;100.00;96.00;;;90.00;86.00;80.00;85.00;50.00;91.00;96.86;100.00;98.59;100.00;99.00;100.00;106.00;97.00;44.00;97.00;105.37;96.00;;;
San Marino;;;;99.00;;;;;;;;100.00;100.00;99.00;88.00;99.00;99.00;;;;;;97.90;96.80;95.70;96.50;93.10;92.20;91.30;91.00;91.30;94.20;90.50;88.00;86.60;87.40;93.40;88.30;94.10;89.50;91.57;;;;
Sao Tome and Principe;;42.00;;26.00;49.00;48.00;65.00;72.00;77.00;63.00;92.00;87.00;68.00;60.00;;79.00;68.00;73.00;73.00;;82.23;;;97.00;103.00;100.00;104.00;100.00;99.00;98.00;98.00;98.40;98.00;100.00;98.00;98.00;97.00;96.00;97.00;97.00;;97.41;;86.50;
Saudi Arabia;41.00;53.00;62.00;67.00;76.00;81.00;86.00;89.00;89.00;96.00;92.00;91.00;91.00;94.00;95.00;96.00;93.00;92.00;94.00;93.00;95.00;98.70;97.00;95.70;96.30;97.00;97.00;97.00;98.00;98.20;98.20;98.70;98.20;98.00;98.60;98.30;98.00;99.00;96.00;96.50;95.52;97.40;97.90;97.06;
Senegal;;;;;;54.00;;;59.00;71.00;66.00;51.00;46.00;52.00;57.00;80.00;70.00;59.00;59.00;60.00;78.80;79.00;70.00;81.00;95.00;97.00;100.00;101.00;94.00;94.00;80.00;94.00;83.00;96.00;94.00;94.00;96.00;97.20;83.00;106.00;100.00;92.14;93.00;90.70;
Serbia;;90.00;;85.00;89.00;89.00;90.00;90.00;91.00;90.00;84.00;78.90;84.30;84.60;85.00;89.00;91.00;94.00;;92.00;97.60;93.20;94.90;89.00;88.00;98.00;92.00;94.00;95.00;95.00;91.00;94.00;91.00;95.00;92.50;95.20;92.50;95.30;96.50;96.60;91.70;90.80;91.88;92.83;
Seychelles;;13.00;;;95.00;86.00;94.00;89.00;97.00;;99.00;;96.00;;96.00;98.00;100.00;98.00;99.00;99.00;;99.00;100.00;100.00;100.00;100.00;100.00;100.00;100.00;99.40;100.00;99.80;98.30;99.00;99.81;97.10;98.40;98.00;99.00;99.00;98.80;100.48;99.24;98.45;
Sierra Leone;13.00;15.00;10.00;24.00;21.00;;;;22.00;;83.00;56.00;64.00;63.00;41.00;43.00;65.00;26.00;56.00;;33.00;58.00;52.00;87.00;77.00;77.00;101.00;98.00;105.00;108.00;80.00;80.00;91.00;98.00;88.00;95.00;97.00;98.00;98.00;95.00;93.24;94.00;92.00;102.82;
Singapore;84.00;87.00;83.00;84.00;77.00;78.00;91.00;96.00;90.00;90.00;85.00;91.00;89.00;92.00;94.76;97.88;97.69;98.02;97.62;97.55;97.94;95.51;94.10;96.01;96.09;96.11;96.16;98.00;98.00;98.00;98.00;97.00;98.00;98.00;98.00;98.00;97.54;97.60;98.00;;;;;98.40;
Sint Maarten (Dutch part);;;;;;;;;;;;;;;;;;;;;;;;;;;;;;;;;;;;;;100.00;91.00;;;;;;
Slovakia;;;;;;;;;;;;;;;99.00;99.00;99.00;99.00;99.00;99.00;99.00;99.40;99.30;98.60;99.00;99.00;99.00;99.00;99.00;99.00;99.10;99.10;98.70;98.00;96.80;96.00;96.40;96.40;96.50;96.70;96.60;97.00;96.51;96.26;
Slovenia;;;;;;;;;;;;;98.00;98.00;98.00;98.00;98.00;94.00;91.00;92.00;96.00;92.00;96.00;95.00;94.00;95.00;97.00;97.00;97.00;96.00;96.00;96.10;96.10;94.80;95.00;94.80;94.10;94.20;93.40;94.70;95.20;86.40;89.20;89.30;
Solomon Islands;46.00;35.00;23.00;27.00;45.00;38.00;42.00;66.00;69.00;67.00;77.00;76.00;;65.00;68.00;69.00;97.00;72.00;69.00;86.30;;78.00;79.40;80.00;82.00;81.00;96.00;84.00;78.00;81.00;;93.99;94.47;88.18;82.73;93.44;99.00;86.60;86.00;99.00;98.00;94.81;99.75;91.91;
Somalia;9.00;2.00;4.00;5.00;10.00;22.00;17.00;25.00;26.00;18.00;;;;;;;;19.00;24.00;18.00;56.90;57.00;60.00;65.00;50.00;50.00;40.00;59.00;64.00;79.00;79.00;76.00;76.00;59.00;70.00;;60.00;75.00;80.00;89.00;82.96;;97.20;;
South Africa;;;;74.00;75.00;75.00;70.00;72.00;70.00;87.00;74.00;81.00;79.00;81.00;;72.00;73.00;73.00;76.00;76.40;96.00;87.00;88.00;100.00;77.00;101.00;103.00;101.00;102.00;;99.60;89.04;83.28;92.42;96.13;93.80;88.70;84.80;84.43;87.00;87.83;90.83;87.01;80.60;
South Sudan;;;;;;;;;;;;;;;;;;;;;;;;;;;;40.00;30.00;50.00;58.00;58.00;70.00;60.00;72.00;60.00;58.00;77.00;51.10;58.00;73.59;88.00;97.58;90.00;
Spain;;;;;95.00;79.00;88.00;77.00;93.00;93.00;86.00;86.00;84.00;87.00;88.00;90.00;90.00;94.00;95.00;95.00;95.00;96.00;98.00;98.00;97.00;96.00;98.00;96.00;97.00;95.90;96.60;97.10;96.30;95.60;96.60;96.51;97.20;94.80;98.15;98.10;97.50;95.80;97.66;97.32;
Sri Lanka;46.00;45.00;57.00;64.00;66.00;70.00;75.00;77.00;83.00;87.00;86.00;86.00;88.00;90.00;88.00;93.00;92.00;97.00;94.00;99.00;103.20;115.90;99.00;102.58;98.00;100.00;99.00;99.00;99.00;97.00;99.00;99.00;99.00;99.00;99.00;99.00;99.00;99.00;99.00;99.00;96.15;96.33;98.41;98.66;
Sudan;1.00;1.00;2.00;3.00;4.00;8.00;13.60;27.10;40.10;40.00;62.40;62.50;52.60;51.00;68.90;72.10;79.40;78.00;70.00;78.80;70.00;85.10;79.80;89.00;88.00;95.00;95.00;100.00;101.00;98.00;103.00;100.90;99.50;100.00;100.70;98.00;98.70;100.90;99.30;100.00;97.52;;;;
Suriname;25.00;27.00;61.00;85.00;80.00;84.00;80.00;71.00;64.00;72.00;83.00;75.00;74.00;76.00;74.00;84.00;85.00;81.00;90.00;85.00;71.00;90.00;73.00;80.93;91.72;107.00;94.00;96.00;95.00;91.00;99.00;89.70;84.00;90.80;91.00;90.20;91.73;90.00;95.00;93.00;72.12;93.41;94.89;93.99;
Sweden;;99.00;;;99.00;99.00;99.00;99.00;99.00;99.00;99.00;99.00;99.00;99.00;99.00;99.00;99.00;99.00;;99.00;99.00;99.00;99.00;99.00;99.00;99.30;98.00;98.00;98.00;98.40;98.00;98.30;98.40;98.40;98.20;98.10;97.50;97.30;97.40;98.30;98.20;98.30;96.50;96.30;
Switzerland;;;;;;;90.00;;90.00;90.00;90.00;93.00;93.00;93.00;93.00;93.00;93.00;93.00;93.00;95.00;95.00;95.00;95.00;95.00;95.00;95.00;95.00;95.00;95.00;95.00;95.00;96.00;96.00;96.00;95.85;96.00;95.90;97.80;98.00;97.50;97.80;97.00;97.00;97.00;
Syrian Arab Republic;13.00;14.00;15.00;21.00;25.00;29.00;86.00;71.00;83.00;99.00;93.00;95.00;95.00;98.00;99.00;100.00;100.00;100.00;100.00;100.00;98.00;98.00;100.00;99.00;99.00;99.00;99.00;99.00;99.00;99.00;100.00;97.00;79.00;66.00;76.00;73.00;72.00;74.00;78.00;83.00;76.09;76.25;74.79;78.35;
Tajikistan;;;;;;82.00;89.00;87.00;88.00;88.00;86.00;81.00;86.00;78.00;95.00;97.00;91.00;96.00;98.00;99.00;97.80;98.00;99.00;98.00;98.00;97.00;98.00;88.00;92.00;;;;;;98.50;97.00;97.90;98.00;97.50;98.10;;96.82;98.21;98.31;
Thailand;49.00;52.00;25.00;53.00;44.00;47.00;47.00;75.00;70.00;74.00;85.00;86.00;85.00;79.00;71.00;94.00;96.00;95.00;;97.00;98.50;98.50;98.50;99.40;99.40;99.00;99.00;99.00;100.00;99.80;99.80;99.80;99.80;99.96;99.96;99.96;99.40;99.40;96.52;96.52;93.74;;90.90;;
Timor-Leste;;;;;;;;;;;;;;;;;;;;;;;;80.00;65.00;64.00;71.00;76.00;85.00;75.70;75.00;69.00;83.00;86.00;81.00;90.00;95.00;94.00;91.60;90.00;87.00;98.75;106.19;;
Togo;;;;;;;;54.00;66.00;65.00;77.00;82.00;76.00;75.00;71.00;47.00;27.00;40.00;36.00;47.92;66.00;56.00;75.00;83.00;83.00;91.00;91.00;94.00;92.00;93.00;97.00;95.00;93.50;93.50;91.00;92.00;93.00;92.00;92.00;94.00;91.48;92.11;92.35;96.07;
Tokelau;;19.00;;;;46.00;92.00;77.00;46.00;60.00;99.00;98.00;99.00;99.00;;99.00;99.00;100.00;100.00;100.00;100.00;;;100.00;99.00;100.00;;100.00;100.00;100.00;100.00;100.00;100.00;99.00;100.00;100.00;;90.00;;98.00;94.00;100.00;;;
Tonga;40.00;37.00;52.00;63.00;51.00;92.00;75.00;100.00;92.00;;94.00;88.00;100.00;96.00;89.00;95.00;99.00;96.00;97.00;93.70;99.00;99.60;;99.80;99.90;100.00;100.00;100.00;100.00;99.00;99.00;100.00;95.00;99.70;95.00;100.00;97.00;99.70;100.00;100.00;;99.90;98.98;99.40;
Trinidad and Tobago;26.00;62.00;54.00;60.00;65.00;75.00;70.00;79.00;82.00;77.00;82.00;82.00;87.00;81.00;85.00;89.00;89.00;90.00;91.00;90.00;90.05;91.00;96.00;93.00;94.00;95.00;93.00;90.00;91.00;94.60;89.70;89.70;92.00;93.70;93.00;96.07;97.47;89.00;100.00;93.00;96.30;95.44;93.09;99.08;
Tunisia;36.00;36.00;52.00;62.00;61.00;70.00;72.00;75.00;91.00;92.00;91.00;93.00;100.00;99.00;91.00;92.00;91.00;96.00;96.00;100.00;97.00;98.00;96.00;96.00;97.00;98.00;100.00;99.00;99.00;99.00;98.00;98.00;99.00;99.00;98.00;98.00;98.00;98.00;98.00;98.00;97.00;97.00;97.00;97.00;
Türkiye;42.00;64.00;58.00;56.00;;;45.00;71.00;68.00;74.00;74.00;81.00;78.00;76.00;81.00;66.00;84.00;79.00;81.00;79.00;92.00;95.00;82.00;76.00;86.00;92.00;92.00;98.00;97.00;97.00;98.00;98.00;97.00;98.00;97.00;98.00;98.00;96.00;98.00;98.67;98.44;95.50;99.52;98.76;
Turkmenistan;;;;;;;;;;;;;84.00;73.00;90.00;93.00;97.00;98.00;99.00;98.40;97.20;96.00;98.80;96.40;98.20;99.00;99.00;99.00;98.00;98.50;98.60;98.00;98.00;98.60;98.70;99.40;99.10;99.30;99.40;99.50;99.20;98.80;99.10;98.90;
Turks and Caicos Islands;;32.00;83.00;70.00;60.00;72.00;72.00;100.00;94.00;92.00;97.00;99.00;76.00;94.00;99.00;99.00;99.00;99.00;99.00;83.00;100.00;;;96.00;;;;;;;;;;;;;;93.00;93.00;93.00;84.25;92.31;99.43;99.65;
Tuvalu;36.00;49.00;72.00;79.00;37.00;52.00;73.00;59.00;89.00;85.00;100.00;74.00;70.00;80.00;100.00;87.00;97.00;77.00;94.00;83.00;82.00;100.00;100.00;100.00;100.00;100.00;99.00;100.00;100.00;97.00;100.00;100.00;100.00;100.00;100.00;100.00;99.00;100.00;100.00;100.00;100.00;98.90;100.00;100.00;
Uganda;;9.00;;14.00;;14.00;21.00;39.00;40.00;60.00;77.00;77.00;71.00;73.00;79.00;74.00;72.00;61.00;56.00;60.00;72.00;82.00;91.00;96.00;100.00;94.00;89.00;95.00;89.00;96.00;87.00;91.00;89.00;106.00;99.00;97.00;99.00;99.00;94.90;91.00;94.05;97.00;93.70;96.00;
Ukraine;;;;;;;;;;;;;88.00;93.00;97.00;98.00;99.00;99.00;98.00;99.00;99.30;99.07;99.80;97.30;99.40;96.00;98.00;98.00;90.00;;52.20;49.90;76.00;;;23.46;42.43;65.00;69.30;88.90;92.60;90.80;77.78;92.50;
United Arab Emirates;11.00;45.00;43.00;50.00;59.00;58.00;65.00;63.00;73.00;89.00;;85.00;86.00;90.00;90.00;90.00;90.00;92.00;94.00;94.00;96.00;96.00;96.00;96.00;96.00;97.00;97.00;97.00;92.00;;94.00;;119.70;;142.00;100.00;100.00;97.00;100.00;99.00;90.00;96.00;96.00;96.00;
United Kingdom of Great Britain and Northern Ireland;;44.00;49.00;57.00;60.00;;67.00;70.00;73.00;78.00;85.00;92.00;94.00;94.00;94.00;93.00;96.00;92.00;91.00;92.00;91.00;91.00;91.00;91.00;92.00;91.00;92.00;92.00;92.00;93.00;94.00;95.00;95.00;95.00;95.00;94.70;94.00;94.00;94.00;93.00;93.02;92.58;92.30;92.21;
United Republic of Tanzania;59.00;55.00;50.00;52.00;58.00;67.00;74.00;79.00;85.00;77.00;78.00;81.00;83.00;83.00;84.00;81.00;82.00;79.00;79.00;76.00;79.00;87.00;96.00;100.00;100.00;95.00;94.00;89.00;88.00;90.00;97.60;98.00;99.00;100.00;99.00;99.00;99.00;99.00;99.00;99.00;96.00;99.00;99.00;99.00;
United States of America;96.00;96.00;96.00;97.00;97.00;96.00;;;;;;69.00;83.00;88.00;94.00;95.00;95.00;96.00;96.00;96.00;99.99;94.00;97.40;99.20;99.00;99.00;99.00;98.00;99.00;98.00;97.70;98.00;97.00;97.50;98.00;97.80;97.70;97.00;97.10;97.10;96.70;97.10;97.60;;
Uruguay;56.00;76.00;76.00;99.00;93.00;63.00;92.00;85.00;82.00;88.00;99.00;99.00;98.00;98.00;99.00;99.00;99.00;99.00;99.00;93.00;92.00;93.90;99.00;91.19;98.00;99.00;99.00;98.00;98.00;98.40;98.40;98.50;97.50;98.00;99.00;98.98;97.36;;96.00;100.00;97.55;98.20;99.64;98.48;
Uzbekistan;;;;;;;;;;;;;90.00;45.00;67.00;87.00;95.00;96.00;99.00;99.00;99.00;99.00;99.00;99.30;99.10;99.00;96.00;96.00;98.00;97.70;99.30;99.30;99.50;99.60;99.90;98.70;99.80;99.80;97.90;95.80;95.51;97.91;99.21;98.90;
Vanuatu;;;22.00;27.00;28.00;30.00;31.00;56.00;58.00;61.00;76.00;83.00;77.00;86.00;74.00;73.00;67.00;72.00;93.00;90.00;90.00;93.00;;49.00;;75.00;90.00;79.00;;94.00;95.00;;102.60;86.80;95.00;90.00;94.00;92.50;94.00;96.00;;71.00;83.00;90.00;
Venezuela (Bolivarian Republic of);72.00;77.00;76.00;82.00;92.00;49.00;86.00;57.00;56.00;57.00;82.00;90.00;85.00;81.00;95.00;91.00;90.00;86.00;52.00;100.00;92.00;82.00;79.00;88.00;110.00;98.00;79.00;70.00;87.00;86.00;90.00;89.88;89.99;90.03;87.75;97.80;103.29;95.00;84.00;85.00;72.73;72.73;;64.91;
Viet Nam;;;;4.00;5.00;42.00;43.00;50.00;70.00;88.00;88.00;88.00;88.00;91.00;94.00;93.00;94.00;95.00;94.00;93.00;97.00;100.00;85.00;100.00;96.00;95.00;94.00;92.00;93.00;;;;;;;;;;;;;87.25;91.98;79.73;
Wallis and Futuna;60.00;73.00;72.00;;94.00;94.00;;;;77.00;;;87.00;64.00;93.00;93.00;;95.00;93.00;100.00;100.00;;;100.00;;;;0.91;;100.00;100.00;;;;;;166.00;;;;;;;;
Yemen;1.00;3.00;4.00;5.00;7.00;12.00;13.00;18.00;36.00;56.00;89.00;62.00;51.00;54.00;47.00;53.00;57.00;51.00;68.00;84.00;88.00;89.00;74.00;81.00;93.00;102.00;92.00;94.00;93.00;92.00;94.00;88.64;89.00;94.00;93.70;89.00;88.00;88.00;87.00;93.00;95.00;94.00;97.00;84.14;
Zambia;;;;83.00;58.00;;66.00;65.00;63.00;58.00;71.00;91.00;61.00;67.00;86.00;82.00;83.00;70.00;;92.00;93.00;;;91.00;94.00;91.00;97.00;92.00;95.00;98.00;92.00;87.00;86.00;86.00;96.00;97.00;99.00;95.00;94.00;94.00;88.00;93.70;86.50;83.12;
Zimbabwe;;39.00;;30.00;60.00;72.00;75.00;84.00;81.00;83.00;78.00;89.00;79.00;73.00;80.00;83.00;80.00;78.00;70.00;81.00;90.00;75.00;75.00;85.00;90.00;95.00;95.00;90.00;75.00;;95.00;99.00;99.00;98.00;98.00;98.00;94.00;94.00;94.00;94.00;92.83;;93.00;93.00;
